Time,Cost
0.0,5.0
0.1111111111111111,6.0
0.2222222222222222,6.1
0.3333333333333333,7.4
0.4444444444444444,7.5
0.5555555555555556,8.1
0.6666666666666666,8.8
0.7777777777777777,9.5
0.8888888888888888,9.9
1.0,10.3
