Time,Cost
0.0,4.0
0.1111111111111111,4.0
0.2222222222222222,4.0
0.3333333333333333,4.0
0.4444444444444444,4.0
0.5555555555555556,4.0
0.6666666666666666,4.0
0.7777777777777777,4.0
0.8888888888888888,4.0
1.0,4.0
