Time,Cost
0.0,[ 7.24 10.65 12.91 15.28 17.95 20.74 23.35 26.44 29.08 32.12]
1.0,"[Decimal('2569436750570932561510.4') Decimal('585382520884353045836595.2')
 Decimal('7278372280550363028783104')
 Decimal('59204801238298892576804044.8')
 Decimal('438432352172237757315494707.2')
 Decimal('2383601892569324814541101466')
 Decimal('9777417649489412286109345383')
 Decimal('4.160763199597342218878399285E+28')
 Decimal('1.210707723314575952420349675E+29')
 Decimal('3.551528007678206616752321728E+29')]"
