{
"1":{
"1":{"1":{"gate_name":"Z","angle":0.0030679615757712823,"qubits":[0]},"2":{"gate_name":"Z","angle":-0.0030679615757712823,"qubits":[3]},"3":{"gate_name":"Z","angle":-0.0030679615757712823,"qubits":[2]},"4":{"gate_name":"Z","angle":-0.0030679615757712823,"qubits":[2]},"5":{"gate_name":"Z","angle":-0.0030679615757712823,"qubits":[3]},"6":{"gate_name":"Z","angle":-0.0030679615757712823,"qubits":[3]},"7":{"gate_name":"Z","angle":-0.0030679615757712823,"qubits":[2]},"8":{"gate_name":"Z","angle":-0.0030679615757712823,"qubits":[3]},"9":{"gate_name":"Z","angle":-0.0030679615757712823,"qubits":[1]},"10":{"gate_name":"Z","angle":-0.0030679615757712823,"qubits":[2]},"11":{"gate_name":"Z","angle":-0.0030679615757712823,"qubits":[3]},"12":{"gate_name":"XX","angle":0.0030679615757712823,"qubits":[1, 2]},"13":{"gate_name":"Z","angle":-0.0030679615757712823,"qubits":[3]},"14":{"gate_name":"Z","angle":-0.0030679615757712823,"qubits":[2]},"15":{"gate_name":"Z","angle":0.0030679615757712823,"qubits":[0]},"16":{"gate_name":"XX","angle":0.0030679615757712823,"qubits":[1, 2]},"17":{"gate_name":"Z","angle":-0.0030679615757712823,"qubits":[1]},"18":{"gate_name":"Z","angle":-0.0030679615757712823,"qubits":[3]},"19":{"gate_name":"Z","angle":-0.0030679615757712823,"qubits":[2]},"20":{"gate_name":"YY","angle":0.0030679615757712823,"qubits":[2, 3]},"21":{"gate_name":"Z","angle":-0.0030679615757712823,"qubits":[3]},"22":{"gate_name":"Z","angle":-0.0030679615757712823,"qubits":[3]},"23":{"gate_name":"ZZ","angle":0.0030679615757712823,"qubits":[0, 1]},"24":{"gate_name":"Z","angle":0.0030679615757712823,"qubits":[0]},"25":{"gate_name":"Z","angle":-0.0030679615757712823,"qubits":[1]},"26":{"gate_name":"Z","angle":-0.0030679615757712823,"qubits":[3]},"27":{"gate_name":"YY","angle":0.0030679615757712823,"qubits":[2, 3]},"28":{"gate_name":"Z","angle":0.0030679615757712823,"qubits":[0]},"29":{"gate_name":"Z","angle":-0.0030679615757712823,"qubits":[2]},"30":{"gate_name":"ZZ","angle":0.0030679615757712823,"qubits":[1, 2]},"31":{"gate_name":"Z","angle":-0.0030679615757712823,"qubits":[3]},"32":{"gate_name":"ZZ","angle":0.0030679615757712823,"qubits":[1, 2]},"33":{"gate_name":"Z","angle":-0.0030679615757712823,"qubits":[2]},"34":{"gate_name":"Z","angle":-0.0030679615757712823,"qubits":[1]},"35":{"gate_name":"Z","angle":-0.0030679615757712823,"qubits":[1]},"36":{"gate_name":"Z","angle":-0.0030679615757712823,"qubits":[1]},"37":{"gate_name":"YY","angle":0.0030679615757712823,"qubits":[1, 2]},"38":{"gate_name":"Z","angle":-0.0030679615757712823,"qubits":[1]},"39":{"gate_name":"Z","angle":-0.0030679615757712823,"qubits":[2]},"40":{"gate_name":"Z","angle":-0.0030679615757712823,"qubits":[3]},"41":{"gate_name":"Z","angle":-0.0030679615757712823,"qubits":[1]},"42":{"gate_name":"YY","angle":0.0030679615757712823,"qubits":[1, 2]},"43":{"gate_name":"XX","angle":0.0030679615757712823,"qubits":[3, 0]},"44":{"gate_name":"YY","angle":0.0030679615757712823,"qubits":[0, 1]},"45":{"gate_name":"Z","angle":0.0030679615757712823,"qubits":[0]},"46":{"gate_name":"Z","angle":-0.0030679615757712823,"qubits":[3]},"47":{"gate_name":"XX","angle":0.0030679615757712823,"qubits":[2, 3]},"48":{"gate_name":"ZZ","angle":0.0030679615757712823,"qubits":[3, 0]},"49":{"gate_name":"Z","angle":-0.0030679615757712823,"qubits":[1]},"50":{"gate_name":"ZZ","angle":0.0030679615757712823,"qubits":[1, 2]},"51":{"gate_name":"Z","angle":-0.0030679615757712823,"qubits":[2]},"52":{"gate_name":"YY","angle":0.0030679615757712823,"qubits":[3, 0]},"53":{"gate_name":"Z","angle":-0.0030679615757712823,"qubits":[2]},"54":{"gate_name":"YY","angle":0.0030679615757712823,"qubits":[1, 2]},"55":{"gate_name":"Z","angle":-0.0030679615757712823,"qubits":[2]},"56":{"gate_name":"YY","angle":0.0030679615757712823,"qubits":[0, 1]},"57":{"gate_name":"XX","angle":0.0030679615757712823,"qubits":[1, 2]},"58":{"gate_name":"XX","angle":0.0030679615757712823,"qubits":[1, 2]},"59":{"gate_name":"Z","angle":-0.0030679615757712823,"qubits":[2]},"60":{"gate_name":"ZZ","angle":0.0030679615757712823,"qubits":[1, 2]},"61":{"gate_name":"Z","angle":-0.0030679615757712823,"qubits":[2]},"62":{"gate_name":"Z","angle":-0.0030679615757712823,"qubits":[3]},"63":{"gate_name":"Z","angle":-0.0030679615757712823,"qubits":[3]},"64":{"gate_name":"YY","angle":0.0030679615757712823,"qubits":[3, 0]},"65":{"gate_name":"Z","angle":-0.0030679615757712823,"qubits":[3]},"66":{"gate_name":"YY","angle":0.0030679615757712823,"qubits":[3, 0]},"67":{"gate_name":"Z","angle":-0.0030679615757712823,"qubits":[1]},"68":{"gate_name":"ZZ","angle":0.0030679615757712823,"qubits":[2, 3]},"69":{"gate_name":"XX","angle":0.0030679615757712823,"qubits":[1, 2]},"70":{"gate_name":"YY","angle":0.0030679615757712823,"qubits":[1, 2]},"71":{"gate_name":"Z","angle":-0.0030679615757712823,"qubits":[2]},"72":{"gate_name":"Z","angle":-0.0030679615757712823,"qubits":[3]},"73":{"gate_name":"Z","angle":-0.0030679615757712823,"qubits":[2]},"74":{"gate_name":"YY","angle":0.0030679615757712823,"qubits":[3, 0]},"75":{"gate_name":"YY","angle":0.0030679615757712823,"qubits":[0, 1]},"76":{"gate_name":"Z","angle":-0.0030679615757712823,"qubits":[2]},"77":{"gate_name":"YY","angle":0.0030679615757712823,"qubits":[2, 3]},"78":{"gate_name":"Z","angle":-0.0030679615757712823,"qubits":[3]},"79":{"gate_name":"Z","angle":-0.0030679615757712823,"qubits":[2]},"80":{"gate_name":"Z","angle":-0.0030679615757712823,"qubits":[2]},"81":{"gate_name":"Z","angle":-0.0030679615757712823,"qubits":[2]},"82":{"gate_name":"Z","angle":-0.0030679615757712823,"qubits":[2]},"83":{"gate_name":"Z","angle":-0.0030679615757712823,"qubits":[3]},"84":{"gate_name":"Z","angle":-0.0030679615757712823,"qubits":[2]},"85":{"gate_name":"Z","angle":-0.0030679615757712823,"qubits":[3]},"86":{"gate_name":"Z","angle":-0.0030679615757712823,"qubits":[1]},"87":{"gate_name":"Z","angle":-0.0030679615757712823,"qubits":[2]},"88":{"gate_name":"Z","angle":-0.0030679615757712823,"qubits":[2]},"89":{"gate_name":"ZZ","angle":0.0030679615757712823,"qubits":[2, 3]},"90":{"gate_name":"Z","angle":0.0030679615757712823,"qubits":[0]},"91":{"gate_name":"Z","angle":-0.0030679615757712823,"qubits":[2]},"92":{"gate_name":"YY","angle":0.0030679615757712823,"qubits":[0, 1]},"93":{"gate_name":"Z","angle":-0.0030679615757712823,"qubits":[2]},"94":{"gate_name":"YY","angle":0.0030679615757712823,"qubits":[1, 2]},"95":{"gate_name":"Z","angle":-0.0030679615757712823,"qubits":[2]},"96":{"gate_name":"Z","angle":-0.0030679615757712823,"qubits":[1]},"97":{"gate_name":"Z","angle":-0.0030679615757712823,"qubits":[1]},"98":{"gate_name":"ZZ","angle":0.0030679615757712823,"qubits":[3, 0]},"99":{"gate_name":"Z","angle":-0.0030679615757712823,"qubits":[3]},"100":{"gate_name":"Z","angle":-0.0030679615757712823,"qubits":[1]},"101":{"gate_name":"Z","angle":-0.0030679615757712823,"qubits":[2]},"102":{"gate_name":"YY","angle":0.0030679615757712823,"qubits":[2, 3]},"103":{"gate_name":"Z","angle":-0.0030679615757712823,"qubits":[2]},"104":{"gate_name":"Z","angle":-0.0030679615757712823,"qubits":[1]},"105":{"gate_name":"YY","angle":0.0030679615757712823,"qubits":[0, 1]},"106":{"gate_name":"Z","angle":-0.0030679615757712823,"qubits":[3]},"107":{"gate_name":"Z","angle":-0.0030679615757712823,"qubits":[3]},"108":{"gate_name":"Z","angle":-0.0030679615757712823,"qubits":[2]},"109":{"gate_name":"Z","angle":-0.0030679615757712823,"qubits":[2]},"110":{"gate_name":"YY","angle":0.0030679615757712823,"qubits":[1, 2]},"111":{"gate_name":"Z","angle":0.0030679615757712823,"qubits":[0]},"112":{"gate_name":"ZZ","angle":0.0030679615757712823,"qubits":[3, 0]},"113":{"gate_name":"ZZ","angle":0.0030679615757712823,"qubits":[0, 1]},"114":{"gate_name":"Z","angle":-0.0030679615757712823,"qubits":[2]},"115":{"gate_name":"ZZ","angle":0.0030679615757712823,"qubits":[2, 3]},"116":{"gate_name":"Z","angle":-0.0030679615757712823,"qubits":[3]},"117":{"gate_name":"YY","angle":0.0030679615757712823,"qubits":[3, 0]},"118":{"gate_name":"YY",