Time,Cost
0.0,32.8
0.011111111111111112,43.2
0.022222222222222223,40.0
0.03333333333333333,43.2
0.044444444444444446,46.4
0.05555555555555556,51.2
0.06666666666666667,51.2
0.07777777777777778,49.6
0.08888888888888889,51.2
0.1,54.4
