run,indices,signs,weights,results
1,"[6, 6, 3, 3, 9, 9, 7, 4, 5, 1]","[1, 1, 1, 1, 1, 1, 1, 1, 1, 1]","[1, 1.037193755399233, 1.075770886239163, 1.1157828454475591, 1.157282999679796, 1.2003267004975766, 1.2449713581950523, 1.2912765183708106, 1.339303941347868, 1.3891176845475903, 1.4407841879274021]","[1, 0.9735398679909836, 0.8259211303884693, 0.6064625045017259, 0.5139704437070125, 0.5261760343236744, 0.5752948272572118, 0.575098544515749, 0.5738171969077964, 0.5794825946841129, 0.645574711243516]"
